{
    "cm": 100,
    "in": 39.37,
    "ft": 3.28084,
    "m": 1,
    "chain" : 0.05,
    "furlong" : 0.005,
    "mile" : 0.000621371,
    "yard" : 1.094
}