{
    "m/cm": 100,
    "m/in": 39.37,
    "m/ft": 3.28084,
    "m/m": 1,
    "cm/m": 0.01,
    "cm/in": 0.393701,
    "cm/ft": 0.0328084,
    "cm/cm": 1,
    "in/m": 0.0254,
    "in/cm": 2.54,
    "in/ft": 0.0833333,
    "in/in": 1,
    "ft/m": 0.3048,
    "ft/cm": 30.48,
    "ft/in": 12,
    "ft/ft": 1,
    "chain/m" : 20.1168,
    "chain/cm" : 2011.68,
    "m/chain" : 0.05,
    "furlong/m" : 201.17,
    "m/furlong" : 0.005,
    "furlong/cm" : 20117,
    "mile/m" : 1609.3,
    "mile/cm" : 160930,
    "yard/m" : 0.9144,
    "m/yard" : 1.094
}